{"cameraMode":{"drawMode":0,"name":"Shaded","section":"Shading Mode"},"sceneLighting":true,"audioPlay":false,"sceneViewState":{"showFog":true,"showMaterialUpdate":false,"showSkybox":true,"showFlares":true,"showImageEffects":true,"showParticleSystems":true},"in2DMode":false,"pivot":{"x":3.11869215965271,"y":2.1691458225250246,"z":-4.63701057434082},"rotation":{"x":-0.017771175131201745,"y":0.9699514508247376,"z":-0.07464829087257385,"w":-0.23089578747749329},"size":7.831671237945557,"orthographic":false}