{"cameraMode":{"drawMode":0,"name":"Shaded","section":"Shading Mode"},"sceneLighting":true,"audioPlay":false,"sceneViewState":{"showFog":true,"showMaterialUpdate":false,"showSkybox":true,"showFlares":true,"showImageEffects":true,"showParticleSystems":true},"in2DMode":false,"pivot":{"x":21.746091842651368,"y":0.8937987685203552,"z":-2.047672986984253},"rotation":{"x":-0.6908688545227051,"y":0.03508419543504715,"z":-0.03359973058104515,"w":-0.7213628888130188},"size":5.4914374351501469,"orthographic":false}