{"cameraMode":{"drawMode":0,"name":"Shaded","section":"Shading Mode"},"sceneLighting":true,"audioPlay":false,"sceneViewState":{"showFog":true,"showMaterialUpdate":false,"showSkybox":true,"showFlares":true,"showImageEffects":true,"showParticleSystems":true},"in2DMode":false,"pivot":{"x":-22.63934898376465,"y":-7.491683483123779,"z":0.45388269424438479},"rotation":{"x":0.42574310302734377,"y":-0.02176055498421192,"z":0.010519902221858502,"w":0.9048240184783936},"size":13.1051025390625,"orthographic":false}