{"cameraMode":{"drawMode":0,"name":"Shaded","section":"Shading Mode"},"sceneLighting":true,"audioPlay":false,"sceneViewState":{"showFog":true,"showMaterialUpdate":false,"showSkybox":true,"showFlares":true,"showImageEffects":true,"showParticleSystems":true},"in2DMode":false,"pivot":{"x":-18.80243682861328,"y":-0.5549533367156982,"z":7.043478012084961},"rotation":{"x":0.2637409269809723,"y":0.057766251266002658,"z":-0.015528807416558266,"w":0.9630194902420044},"size":6.125392436981201,"orthographic":false}