{"cameraMode":{"drawMode":0,"name":"Shaded","section":"Shading Mode"},"sceneLighting":true,"audioPlay":false,"sceneViewState":{"showFog":true,"showMaterialUpdate":false,"showSkybox":true,"showFlares":true,"showImageEffects":true,"showParticleSystems":true},"in2DMode":false,"pivot":{"x":15.67885971069336,"y":-7.8079729080200199,"z":-9.007711410522461},"rotation":{"x":-0.21646708250045777,"y":-0.7578622698783875,"z":0.30781683325767519,"w":-0.532954216003418},"size":58.48292922973633,"orthographic":false}